{"transport_mode":"TRAIN","length":20,"width":2,"door_max":14,"parts":[{"name":"window","stage":"INTERIOR","mirror":false,"skip_rendering_if_too_far":false,"door_offset":"NONE","render_condition":"ALL","positions":[[0.0,-64.0],[0.0,0.0],[0.0,64.0]],"whitelisted_cars":"","blacklisted_cars":""},{"name":"window_exterior_2","stage":"EXTERIOR","mirror":false,"skip_rendering_if_too_far":false,"door_offset":"NONE","render_condition":"ALL","positions":[[0.0,-64.0],[0.0,0.0],[0.0,64.0]],"whitelisted_cars":"","blacklisted_cars":""},{"name":"window","stage":"INTERIOR","mirror":true,"skip_rendering_if_too_far":false,"door_offset":"NONE","render_condition":"ALL","positions":[[0.0,-64.0],[0.0,0.0],[0.0,64.0]],"whitelisted_cars":"","blacklisted_cars":""},{"name":"window_exterior_1","stage":"EXTERIOR","mirror":false,"skip_rendering_if_too_far":false,"door_offset":"NONE","render_condition":"ALL","positions":[[0.0,-64.0],[0.0,0.0],[0.0,64.0]],"whitelisted_cars":"","blacklisted_cars":""},{"name":"door","stage":"INTERIOR","mirror":false,"skip_rendering_if_too_far":false,"door_offset":"NONE","render_condition":"ALL","positions":[[0.0,-96.0],[0.0,-32.0],[0.0,32.0],[0.0,96.0]],"whitelisted_cars":"","blacklisted_cars":""},{"name":"door","stage":"INTERIOR","mirror":true,"skip_rendering_if_too_far":false,"door_offset":"NONE","render_condition":"ALL","positions":[[0.0,-96.0],[0.0,-32.0],[0.0,32.0],[0.0,96.0]],"whitelisted_cars":"","blacklisted_cars":""},{"name":"door_left","stage":"INTERIOR","mirror":false,"skip_rendering_if_too_far":false,"door_offset":"RIGHT_POSITIVE","render_condition":"ALL","positions":[[0.0,-96.0],[0.0,-32.0],[0.0,32.0],[0.0,96.0]],"whitelisted_cars":"","blacklisted_cars":""},{"name":"door_right","stage":"INTERIOR","mirror":false,"skip_rendering_if_too_far":false,"door_offset":"RIGHT_NEGATIVE","render_condition":"ALL","positions":[[0.0,-96.0],[0.0,-32.0],[0.0,32.0],[0.0,96.0]],"whitelisted_cars":"","blacklisted_cars":""},{"name":"door_closed_c1141a","stage":"INTERIOR","mirror":false,"skip_rendering_if_too_far":false,"door_offset":"NONE","render_condition":"DOORS_CLOSED","positions":[[0.0,-96.0],[0.0,-32.0],[0.0,32.0],[0.0,96.0]],"whitelisted_cars":"","blacklisted_cars":""},{"name":"door_closed_display","stage":"INTERIOR","mirror":false,"skip_rendering_if_too_far":false,"door_offset":"NONE","render_condition":"DOORS_CLOSED","positions":[[0.0,-96.0],[0.0,-32.0],[0.0,32.0],[0.0,96.0]],"whitelisted_cars":"","blacklisted_cars":"","display":{"x_padding":-0.05,"y_padding":0.0,"cjk_size_ratio":0.0,"type":"NEXT_STATION_UK","color_cjk":"FF9900","color":"FFFFFF","should_scroll":true,"force_upper_case":false,"force_single_line":true}},{"name":"roof_c1141a","stage":"INTERIOR","mirror":false,"skip_rendering_if_too_far":false,"door_offset":"NONE","render_condition":"ALL","positions":[[0.0,-64.0],[0.0,0.0],[0.0,64.0]],"whitelisted_cars":"","blacklisted_cars":""},{"name":"door_light_c1141a","stage":"LIGHTS","mirror":false,"skip_rendering_if_too_far":false,"door_offset":"NONE","render_condition":"ALL","positions":[[0.0,-96.0],[0.0,-32.0],[0.0,32.0],[0.0,96.0]],"whitelisted_cars":"","blacklisted_cars":""},{"name":"door_left","stage":"INTERIOR","mirror":true,"skip_rendering_if_too_far":false,"door_offset":"LEFT_POSITIVE","render_condition":"ALL","positions":[[0.0,-96.0],[0.0,-32.0],[0.0,32.0],[0.0,96.0]],"whitelisted_cars":"","blacklisted_cars":""},{"name":"door_right","stage":"INTERIOR","mirror":true,"skip_rendering_if_too_far":false,"door_offset":"LEFT_NEGATIVE","render_condition":"ALL","positions":[[0.0,-96.0],[0.0,-32.0],[0.0,32.0],[0.0,96.0]],"whitelisted_cars":"","blacklisted_cars":""},{"name":"door_closed_c1141a","stage":"INTERIOR","mirror":true,"skip_rendering_if_too_far":false,"door_offset":"NONE","render_condition":"DOORS_CLOSED","positions":[[0.0,-96.0],[0.0,-32.0],[0.0,32.0],[0.0,96.0]],"whitelisted_cars":"","blacklisted_cars":""},{"name":"door_closed_display","stage":"INTERIOR","mirror":true,"skip_rendering_if_too_far":false,"door_offset":"NONE","render_condition":"DOORS_CLOSED","positions":[[0.0,-96.0],[0.0,-32.0],[0.0,32.0],[0.0,96.0]],"whitelisted_cars":"","blacklisted_cars":"","display":{"x_padding":-0.05,"y_padding":0,"cjk_size_ratio":0,"type":"NEXT_STATION_UK","color_cjk":"FF9900","color":"FFFFFF","should_scroll":true,"force_upper_case":false,"force_single_line":true}},{"name":"roof_c1141a","stage":"INTERIOR","mirror":true,"skip_rendering_if_too_far":false,"door_offset":"NONE","render_condition":"ALL","positions":[[0.0,-64.0],[0.0,0.0],[0.0,64.0]],"whitelisted_cars":"","blacklisted_cars":""},{"name":"door_right_exterior_1","stage":"EXTERIOR","mirror":false,"skip_rendering_if_too_far":false,"door_offset":"LEFT_POSITIVE","render_condition":"ALL","positions":[[0.0,-96.0],[0.0,-32.0],[0.0,32.0],[0.0,96.0]],"whitelisted_cars":"","blacklisted_cars":""},{"name":"door_left_exterior_1","stage":"EXTERIOR","mirror":false,"skip_rendering_if_too_far":false,"door_offset":"LEFT_NEGATIVE","render_condition":"ALL","positions":[[0.0,-96.0],[0.0,-32.0],[0.0,32.0],[0.0,96.0]],"whitelisted_cars":"","blacklisted_cars":""},{"name":"door_exterior_1","stage":"EXTERIOR","mirror":false,"skip_rendering_if_too_far":false,"door_offset":"NONE","render_condition":"ALL","positions":[[0.0,-96.0],[0.0,-32.0],[0.0,32.0],[0.0,96.0]],"whitelisted_cars":"","blacklisted_cars":""},{"name":"door_exterior_2","stage":"EXTERIOR","mirror":false,"skip_rendering_if_too_far":false,"door_offset":"NONE","render_condition":"ALL","positions":[[0.0,-96.0],[0.0,-32.0],[0.0,32.0],[0.0,96.0]],"whitelisted_cars":"","blacklisted_cars":""},{"name":"door_left_exterior_2","stage":"EXTERIOR","mirror":false,"skip_rendering_if_too_far":false,"door_offset":"RIGHT_POSITIVE","render_condition":"ALL","positions":[[0.0,-96.0],[0.0,-32.0],[0.0,32.0],[0.0,96.0]],"whitelisted_cars":"","blacklisted_cars":""},{"name":"door_right_exterior_2","stage":"EXTERIOR","mirror":false,"skip_rendering_if_too_far":false,"door_offset":"RIGHT_NEGATIVE","render_condition":"ALL","positions":[[0.0,-96.0],[0.0,-32.0],[0.0,32.0],[0.0,96.0]],"whitelisted_cars":"","blacklisted_cars":""},{"name":"door_open_c1141a","stage":"INTERIOR","mirror":false,"skip_rendering_if_too_far":false,"door_offset":"NONE","render_condition":"DOORS_OPEN","positions":[[0.0,-96.0],[0.0,-32.0],[0.0,32.0],[0.0,96.0]],"whitelisted_cars":"","blacklisted_cars":""},{"name":"door_open_c1141a","stage":"INTERIOR","mirror":true,"skip_rendering_if_too_far":false,"door_offset":"NONE","render_condition":"DOORS_OPEN","positions":[[0.0,-96.0],[0.0,-32.0],[0.0,32.0],[0.0,96.0]],"whitelisted_cars":"","blacklisted_cars":""},{"name":"door_open_display","stage":"INTERIOR","mirror":false,"skip_rendering_if_too_far":false,"door_offset":"NONE","render_condition":"DOORS_OPEN","positions":[[0.0,-96.0],[0.0,-32.0],[0.0,32.0],[0.0,96.0]],"whitelisted_cars":"","blacklisted_cars":"","display":{"x_padding":0,"y_padding":0.0,"cjk_size_ratio":0,"type":"NEXT_STATION_PLAIN","color_cjk":"1","color":"1","should_scroll":false,"force_upper_case":false,"force_single_line":true}},{"name":"door_open_display","stage":"INTERIOR","mirror":true,"skip_rendering_if_too_far":false,"door_offset":"NONE","render_condition":"DOORS_OPEN","positions":[[0.0,-96.0],[0.0,-32.0],[0.0,32.0],[0.0,96.0]],"whitelisted_cars":"","blacklisted_cars":"","display":{"x_padding":0,"y_padding":0,"cjk_size_ratio":0,"type":"NEXT_STATION_PLAIN","color_cjk":"1","color":"1","should_scroll":false,"force_upper_case":false,"force_single_line":true}},{"name":"top_handrail_c1141a","stage":"INTERIOR","mirror":false,"skip_rendering_if_too_far":false,"door_offset":"NONE","render_condition":"ALL","positions":[[0.0,-64.0],[0.0,0.0],[0.0,64.0]],"whitelisted_cars":"","blacklisted_cars":""},{"name":"top_handrail_c1141a","stage":"INTERIOR","mirror":true,"skip_rendering_if_too_far":false,"door_offset":"NONE","render_condition":"ALL","positions":[[0.0,-64.0],[0.0,0.0],[0.0,64.0]],"whitelisted_cars":"","blacklisted_cars":""},{"name":"door_light_c1141a","stage":"LIGHTS","mirror":true,"skip_rendering_if_too_far":false,"door_offset":"NONE","render_condition":"ALL","positions":[[0.0,-96.0],[0.0,-32.0],[0.0,32.0],[0.0,96.0]],"whitelisted_cars":"","blacklisted_cars":""},{"name":"head","stage":"INTERIOR","mirror":false,"skip_rendering_if_too_far":false,"door_offset":"NONE","render_condition":"ALL","positions":[[0.0,128.0]],"whitelisted_cars":"-1","blacklisted_cars":"%2,%2+1"},{"name":"head_exterior","stage":"EXTERIOR","mirror":false,"skip_rendering_if_too_far":false,"door_offset":"NONE","render_condition":"ALL","positions":[[0.0,128.0]],"whitelisted_cars":"-1","blacklisted_cars":"%2,%2+1"},{"name":"display_destination","stage":"EXTERIOR","mirror":false,"skip_rendering_if_too_far":false,"door_offset":"NONE","render_condition":"ALL","positions":[[0.0,128.0]],"whitelisted_cars":"-1","blacklisted_cars":"%2,%2+1","display":{"x_padding":0,"y_padding":0,"cjk_size_ratio":2.0,"type":"DESTINATION","color_cjk":"FFF200","color":"FF0000","should_scroll":false,"force_upper_case":true,"force_single_line":false}},{"name":"end","stage":"INTERIOR","mirror":false,"skip_rendering_if_too_far":false,"door_offset":"NONE","render_condition":"ALL","positions":[[0.0,-128.0]],"whitelisted_cars":"%2,%2+1","blacklisted_cars":"1"},{"name":"end","stage":"INTERIOR","mirror":true,"skip_rendering_if_too_far":false,"door_offset":"NONE","render_condition":"ALL","positions":[[0.0,128.0]],"whitelisted_cars":"%2,%2+1","blacklisted_cars":"-1"},{"name":"end_eng_display","stage":"INTERIOR","mirror":true,"skip_rendering_if_too_far":false,"door_offset":"NONE","render_condition":"ALL","positions":[[0.0,128.0]],"whitelisted_cars":"%2,%2+1","blacklisted_cars":"","display":{"x_padding":0,"y_padding":0.0,"cjk_size_ratio":-2.0,"type":"NEXT_STATION_MTR","color_cjk":"C0D2D2","color":"1","should_scroll":false,"force_upper_case":false,"force_single_line":false}},{"name":"end_cjk_display","stage":"INTERIOR","mirror":true,"skip_rendering_if_too_far":false,"door_offset":"NONE","render_condition":"ALL","positions":[[0.0,128.0]],"whitelisted_cars":"%2,%2+1","blacklisted_cars":"-1","display":{"x_padding":0,"y_padding":0,"cjk_size_ratio":2.0,"type":"NEXT_STATION_MTR","color_cjk":"1","color":"C0D2D2","should_scroll":false,"force_upper_case":false,"force_single_line":false}},{"name":"end_cjk_display","stage":"INTERIOR","mirror":false,"skip_rendering_if_too_far":false,"door_offset":"NONE","render_condition":"ALL","positions":[[0.0,-128.0]],"whitelisted_cars":"%2,%2+1","blacklisted_cars":"1","display":{"x_padding":0,"y_padding":0,"cjk_size_ratio":2.0,"type":"NEXT_STATION_MTR","color_cjk":"1","color":"C2D2D2","should_scroll":false,"force_upper_case":false,"force_single_line":false}},{"name":"end_eng_display","stage":"EXTERIOR","mirror":false,"skip_rendering_if_too_far":false,"door_offset":"NONE","render_condition":"ALL","positions":[[0.0,-128.0]],"whitelisted_cars":"%2,%2+1","blacklisted_cars":"1","display":{"x_padding":0,"y_padding":0,"cjk_size_ratio":-2.0,"type":"NEXT_STATION_MTR","color_cjk":"C2D2D2","color":"1","should_scroll":false,"force_upper_case":false,"force_single_line":false}},{"name":"head","stage":"INTERIOR","mirror":true,"skip_rendering_if_too_far":false,"door_offset":"NONE","render_condition":"ALL","positions":[[0.0,-128.0]],"whitelisted_cars":"1","blacklisted_cars":"%2,%2+1"},{"name":"head_exterior","stage":"EXTERIOR","mirror":true,"skip_rendering_if_too_far":false,"door_offset":"NONE","render_condition":"ALL","positions":[[0.0,-128.0]],"whitelisted_cars":"1","blacklisted_cars":"%2,%2+1"},{"name":"display_destination","stage":"EXTERIOR","mirror":true,"skip_rendering_if_too_far":false,"door_offset":"NONE","render_condition":"ALL","positions":[[0.0,-128.0]],"whitelisted_cars":"1","blacklisted_cars":"%2,%2+1","display":{"x_padding":0,"y_padding":0,"cjk_size_ratio":2.0,"type":"DESTINATION","color_cjk":"FF0000","color":"FFF200","should_scroll":false,"force_upper_case":true,"force_single_line":false}},{"name":"end_exterior","stage":"EXTERIOR","mirror":true,"skip_rendering_if_too_far":false,"door_offset":"NONE","render_condition":"ALL","positions":[[0.0,128.0]],"whitelisted_cars":"%2,%2+1","blacklisted_cars":"-1"},{"name":"end_exterior","stage":"EXTERIOR","mirror":false,"skip_rendering_if_too_far":false,"door_offset":"NONE","render_condition":"ALL","positions":[[0.0,-128.0]],"whitelisted_cars":"%2,%2+1","blacklisted_cars":"1"},{"name":"bogie","stage":"EXTERIOR","mirror":false,"skip_rendering_if_too_far":false,"door_offset":"NONE","render_condition":"ALL","positions":[[0.0,100.0],[0.0,-100.0]],"whitelisted_cars":"","blacklisted_cars":""},{"name":"bogie","stage":"EXTERIOR","mirror":true,"skip_rendering_if_too_far":false,"door_offset":"NONE","render_condition":"ALL","positions":[[0.0,100.0],[0.0,-100.0]],"whitelisted_cars":"","blacklisted_cars":""},{"name":"side_panel_c1141a","stage":"INTERIOR","mirror":false,"skip_rendering_if_too_far":false,"door_offset":"NONE","render_condition":"ALL","positions":[[0.0,-112.0],[0.0,-76.0],[0.0,-52.0],[0.0,-12.0],[0.0,12.0],[0.0,52.0],[0.0,76.0],[0.0,112.0]],"whitelisted_cars":"","blacklisted_cars":""},{"name":"side_panel_c1141a","stage":"INTERIOR","mirror":true,"skip_rendering_if_too_far":false,"door_offset":"NONE","render_condition":"ALL","positions":[[0.0,-112.0],[0.0,-76.0],[0.0,-52.0],[0.0,-12.0],[0.0,12.0],[0.0,52.0],[0.0,76.0],[0.0,112.0]],"whitelisted_cars":"","blacklisted_cars":""},{"name":"side_panel_c1141a_translucent","stage":"INTERIOR_TRANSLUCENT","mirror":false,"skip_rendering_if_too_far":false,"door_offset":"NONE","render_condition":"ALL","positions":[[0.0,-112.0],[0.0,-76.0],[0.0,-52.0],[0.0,-12.0],[0.0,12.0],[0.0,52.0],[0.0,76.0],[0.0,112.0]],"whitelisted_cars":"","blacklisted_cars":""},{"name":"side_panel_c1141a_translucent","stage":"INTERIOR_TRANSLUCENT","mirror":true,"skip_rendering_if_too_far":false,"door_offset":"NONE","render_condition":"ALL","positions":[[0.0,-112.0],[0.0,-76.0],[0.0,-52.0],[0.0,-12.0],[0.0,12.0],[0.0,52.0],[0.0,76.0],[0.0,112.0]],"whitelisted_cars":"","blacklisted_cars":""},{"name":"roof_exterior","stage":"EXTERIOR","mirror":false,"skip_rendering_if_too_far":false,"door_offset":"NONE","render_condition":"ALL","positions":[[0.0,-128.0],[0.0,-96.0],[0.0,-64.0],[0.0,-32.0],[0.0,0.0],[0.0,32.0],[0.0,64.0],[0.0,96.0],[0.0,128.0]],"whitelisted_cars":"","blacklisted_cars":""},{"name":"roof_exterior","stage":"EXTERIOR","mirror":true,"skip_rendering_if_too_far":false,"door_offset":"NONE","render_condition":"ALL","positions":[[0.0,-128.0],[0.0,-96.0],[0.0,-64.0],[0.0,-32.0],[0.0,0.0],[0.0,32.0],[0.0,64.0],[0.0,96.0],[0.0,128.0]],"whitelisted_cars":"","blacklisted_cars":""},{"name":"roof_end_c1141a","stage":"INTERIOR","mirror":false,"skip_rendering_if_too_far":false,"door_offset":"NONE","render_condition":"ALL","positions":[[0.0,136.0]],"whitelisted_cars":"","blacklisted_cars":""},{"name":"roof_end_exterior","stage":"EXTERIOR","mirror":false,"skip_rendering_if_too_far":false,"door_offset":"NONE","render_condition":"ALL","positions":[[0.0,135.0]],"whitelisted_cars":"","blacklisted_cars":""},{"name":"roof_end_exterior","stage":"EXTERIOR","mirror":true,"skip_rendering_if_too_far":false,"door_offset":"NONE","render_condition":"ALL","positions":[[0.0,-135.0]],"whitelisted_cars":"","blacklisted_cars":""},{"name":"roof_end_c1141a","stage":"INTERIOR","mirror":true,"skip_rendering_if_too_far":false,"door_offset":"NONE","render_condition":"ALL","positions":[[0.0,-136.0]],"whitelisted_cars":"","blacklisted_cars":""},{"name":"roof_end_light_c1141a","stage":"LIGHTS","mirror":false,"skip_rendering_if_too_far":false,"door_offset":"NONE","render_condition":"ALL","positions":[[0.0,-128.0]],"whitelisted_cars":"","blacklisted_cars":""},{"name":"roof_light_c1141a","stage":"LIGHTS","mirror":false,"skip_rendering_if_too_far":false,"door_offset":"NONE","render_condition":"ALL","positions":[[0.0,-96.0],[0.0,-64.0],[0.0,-32.0],[0.0,0.0],[0.0,32.0],[0.0,64.0],[0.0,96.0]],"whitelisted_cars":"","blacklisted_cars":""},{"name":"roof_light_c1141a","stage":"LIGHTS","mirror":true,"skip_rendering_if_too_far":false,"door_offset":"NONE","render_condition":"ALL","positions":[[0.0,-96.0],[0.0,-64.0],[0.0,-32.0],[0.0,0.0],[0.0,32.0],[0.0,64.0],[0.0,96.0]],"whitelisted_cars":"","blacklisted_cars":""},{"name":"roof_end_light_c1141a","stage":"LIGHTS","mirror":true,"skip_rendering_if_too_far":false,"door_offset":"NONE","render_condition":"ALL","positions":[[0.0,128.0]],"whitelisted_cars":"","blacklisted_cars":""},{"name":"headlights","stage":"ALWAYS_ON_LIGHTS","mirror":false,"skip_rendering_if_too_far":false,"door_offset":"NONE","render_condition":"MOVING_BACKWARDS","positions":[[0.0,128.0]],"whitelisted_cars":"-1","blacklisted_cars":"%2,%2+1"},{"name":"tail_lights","stage":"ALWAYS_ON_LIGHTS","mirror":false,"skip_rendering_if_too_far":false,"door_offset":"NONE","render_condition":"MOVING_FORWARDS","positions":[[0.0,128.0]],"whitelisted_cars":"-1","blacklisted_cars":"%2,%2+1"},{"name":"headlights","stage":"ALWAYS_ON_LIGHTS","mirror":true,"skip_rendering_if_too_far":false,"door_offset":"NONE","render_condition":"MOVING_FORWARDS","positions":[[0.0,-128.0]],"whitelisted_cars":"1","blacklisted_cars":"%2,%2+1"},{"name":"tail_lights","stage":"ALWAYS_ON_LIGHTS","mirror":true,"skip_rendering_if_too_far":false,"door_offset":"NONE","render_condition":"MOVING_BACKWARDS","positions":[[0.0,-128.0]],"whitelisted_cars":"1","blacklisted_cars":"%2,%2+1"}]}