{
    "custom_trains": {
        "sp1900_modified": {
            "name": "SP1900 Modified (V2.67)",
            "description": "Train by jonafanho, modified by VerySad :]",
            "wikipedia_article": "",
            "color": "73D8FA",
            "gangway_connection_id": "mtr:textures/entity/sp1900",
            "train_barrier_id": "mtr:textures/entity/mlr",
            "door_animation_type": "STANDARD",
            "render_door_overlay": false,
            "rider_offset": 0.0,
            "texture_id": "mtr:sp1900_modified/sp1900_modified",
            "model": "mtr:sp1900_modified/sp1900_modified.bbmodel",
            "model_properties": "mtr:sp1900_modified/sp1900_modified.json",
            "speed_sound_base_id": "sp1900",
            "speed_sound_count": 118,
            "door_sound_base_id": "sp1900_2",
            "door_close_sound_time": 1
        },
        "modified_c1141a_small": {
            "name": "C1141A (Modified, 4 doors variant)",
            "description": "Train by jonafanho, modified by VerySad :]",
            "wikipedia_article": "",
            "color": "4412F5",
            "gangway_connection_id": "mtr:textures/entity/sp1900",
            "train_barrier_id": "mtr:textures/entity/mlr",
            "door_animation_type": "STANDARD",
            "render_door_overlay": false,
            "rider_offset": 0.0,
            "texture_id": "mtr:modified_c1141a_small/modified_c1141a_small",
            "model": "mtr:modified_c1141a_small/modified_c1141a_small.bbmodel",
            "model_properties": "mtr:modified_c1141a_small/modified_c1141a_small.json",
            "door_sound_base_id": "sp1900",
            "speed_sound_base_id": "c1141a",
            "speed_sound_count": 76
        }
    }
}